,Epoch,Decay,Learning Rate,Momentum,Feature Size,Strides,Filter_Size,Kernel_size,Score
0,90,0.9046945744867392,0.000393035488213885,0.8322948402347372,459,"[2, 1]","[11, 26]","[10, 19]",0.22025473785700558
1,61,0.9070607276075696,0.0005787280870407465,0.8997417305118958,371,"[4, 3]","[28, 16]","[12, 12]",0.039300333385901456
2,50,0.9542103135940876,0.00034548826583136985,0.9372894912226573,223,"[1, 3]","[19, 39]","[9, 9]",0.19406738618863026
