,Epoch,Decay,Learning Rate,Momentum,Feature Size,Score
0,65,0.9734451077600726,0.0008729665188180255,0.9405890317848753,94,0.006333302021918134
1,60,0.9734865285034144,0.0007154285766073643,0.8607700368641014,318,0.010352472213518475
2,141,0.9828714034140255,0.0005974454335789214,0.842191633456524,413,0.13862751561935607
